dim,member,rev0,rev1,s0,s1,m0,m1,mix_effect,rate_effect
category,small_appliances,66547.03,87850.96,0.021600211793442865,0.011967104251550191,0.18433850466354396,0.17125618206107251,0.0004163885168361954,-0.00015655751843618709
category,auto,128278.06,346632.44,0.04163721903820458,0.047218454373739525,0.15995790706532356,0.13730639290425328,-0.0003773212689147914,-0.0010695694879106121
category,industry_commerce_and_business,2356.63,30573.44,0.0007649283088784166,0.0041647301726528045,0.2010964809919249,0.12891549004626238,-8.998173408743222e-05,-0.0003006143508833797
category,baby,70328.57,256086.7,0.022827645458106425,0.0348842657648301,0.14954306621050306,0.1559246926919672,-0.0009406596027211146,0.0002226183541912727
category,telephony,60745.02,179751.54,0.01971696253607295,0.024485849882080902,-0.002927482779658316,0.07367169149148875,-0.0010991842877065522,0.001875595882294661
category,art,8363.95,14875.85,0.002714818248534404,0.0020263961575425348,0.24911794068591994,0.14700269228313004,-1.4838732626425447e-05,-0.00020692594698991487
category,costruction_tools_tools,1532.9,11816.66,0.0004975573614354926,0.001609671677180569,0.31760062626394414,0.21192452012666863,0.0001001318670395085,-0.00017010383500390012
category,signaling_and_security,1893.8,17066.24,0.0006147003268879482,0.0023247722422381715,0.016976449466680747,0.03670755831395785,-0.0003601185549690972,4.587033415672981e-05
category,market_place,15190.73,7565.57,0.004930693154856142,0.0010305859482059225,0.18768419950851606,0.11231011014371686,0.00015553253032855334,-7.767947735817951e-05
category,furniture_living_room,23668.79,33632.15,0.007682549873292956,0.004581389267160812,0.09888887433620393,0.07818976782632095,0.0003990398715203508,-9.483066440419634e-05
category,cine_photo,315.0,6238.46,0.00010224448356199372,0.0008498063218560822,-0.1299047619047619,0.18726095863402187,-0.000267229436081947,0.00026952943438989787
category,small_appliances_home_oven_and_coffee,180.96,46623.76,5.873702141389962e-05,0.006351113254986124,0.12041335101679929,0.2926516437112751,-0.0006742274102106296,0.001093904903748065
category,music,1503.49,4475.96,0.00048801129711308544,0.0006097176393492865,0.2457282722199682,0.2341330128061913,2.2107997181733585e-06,-7.069834197410649e-06
category,fashion_shoes,8978.9,8496.67,0.002914422201443763,0.0011574208828340517,0.11233558676452572,0.15916000032954086,0.00020245513737462474,5.419555408660657e-05
category,office_furniture,76897.67,143270.11,0.02495988113101783,0.019516330185817703,0.17608804011877083,0.13466884334771573,0.00028020786893890535,-0.0008083507202152658
category,fashion_bags_accessories,38137.63,70182.19,0.012378927884534598,0.00956025505392432,0.27714018936153084,0.2963710593813046,-0.00013974120227606764,0.00018385202229790338
category,furniture_decor,180301.14,385312.01,0.05852316490456738,0.05248740586379875,0.15450451394816472,0.1678906401074807,0.0004409648618071685,0.0007026030366680308
category,sports_leisure,224596.75,530182.18,0.0729008848046102,0.07222169706937918,0.19919722792070677,0.2121024135515079,1.926584699898443e-05,0.0009320344072518237
category,computers_accessories,219638.68,502432.09,0.07129156637091427,0.06844156512750968,0.1636471772640411,0.12307959867770389,0.00018216085616164256,-0.002776508571882166
category,books_general_interest,11853.89,26966.09,0.003847602734129148,0.0036733350470693213,0.2078279788322652,0.21042538981365114,3.4392181882423344e-06,9.541160789567754e-06
category,home_appliances,14232.62,56150.41,0.004619704386140009,0.007648838558363919,0.04048024889303586,0.08028774856675133,-0.0005666994791620195,0.0003044811384163741
category,books_technical,2441.28,13066.84,0.0007924044851753142,0.001779971858228141,0.2096523135404378,0.0818690670429882,-1.7688245861685798e-05,-0.00022745058271848997
category,home_appliances_2,12470.82,86902.86,0.004047849366649468,0.01183795356792767,0.19814013833893843,0.2698025128286917,-0.0002292090220987961,0.0008483358617771439
category,fashion_male_clothing,4870.87,2301.87,0.0015810145639606613,0.0003135619492776839,0.14207112897695895,0.1290906958255679,0.00010835719871284343,-4.070169921418842e-06
category,toys,119703.01,169710.67,0.03885388075640053,0.02311807725823863,0.2031653172297004,0.18934307430404937,0.0003839209068302533,-0.0003195436798373433
category,luggage_accessories,51223.31,64023.09,0.016626351991383834,0.008721259193256175,0.2261825719579621,0.2462741176659858,1.091430314493708e-05,0.00017522357771282843
category,musical_instruments,37431.4,107746.08,0.012149695752388607,0.014677228024097483,0.2651485116773618,0.2422849165371028,9.499798897617526e-05,-0.0003355741993242284
category,dvds_blu_ray,3012.69,1132.71,0.0009778759783567708,0.00015429835549632487,0.19212730151459326,-0.12864722656284486,2.9184245372087287e-05,-4.949498216745839e-05
category,consoles_games,46956.32,63775.71,0.015241348217053068,0.008687560958771903,0.13281960766942555,0.12897402475017528,0.000620929605520752,-3.3408736032998814e-05
category,computers,39448.99,63732.34,0.012804576538388108,0.008681653074425621,0.18964515948317054,0.1552224506427977,0.0001563333408197633,-0.00029884601603408114
category,construction_tools_safety,767.9,31324.22,0.0002492493299277935,0.004267001821476891,0.24658158614402917,0.2528873823514201,7.641101057896808e-05,2.69068439027991e-05
category,housewares,131132.61,397688.06,0.04256376503995661,0.054173277942742425,0.1495117042206359,0.15083626096292657,-0.0009061403031202494,7.175558055104657e-05
category,kitchen_dining_laundry_garden_furniture,5399.26,27348.73,0.0017525223819585085,0.0037254584703172084,0.08568211199312499,0.09353999253347413,-0.00027992239624157844,2.9274207617784494e-05
category,fashion_childrens_clothes,269.9,169.97,8.760567020121302e-05,2.315340332804543e-05,0.20081511670989255,0.20844854974407248,1.723977132947458e-06,1.7673995381799353e-07
category,drinks,1197.66,17424.64,0.0003887432640725631,0.002373593679861114,0.033648948783461086,0.09693973591419966,-0.0003848908600794457,0.0001502266123269562
category,food_drink,1270.4,7696.74,0.0004123536251338311,0.0010484539950055913,-0.25946945843828717,-0.05895872798093738,-0.0003098016791454402,0.00021022627638949768
category,portable_kitchen_food_preparers,0.0,3933.63,0.0,0.000535841159812316,0.2751555179312747,0.2751555179312747,2.5501901801395435e-05,0.0
category,bed_bath_table,259621.24,537514.13,0.08426933208102992,0.07322045917758101,0.20219817145931512,0.17057601815974588,0.00028025541031571574,-0.002315388584778319
category,garden_tools,143767.89,214518.33,0.0466649957645953,0.029221800410359166,0.21689321586343097,0.1750915178204119,0.0001861193025383883,-0.001221520877027205
category,home_confort,21863.26,20883.45,0.007096500722798713,0.0028447546080547764,0.21796017611280294,0.19183755557630564,4.082978642519094e-05,-7.431244514566703e-05
category,fashion_sport,1185.71,369.5,0.0003848644654104494,5.0333485495750936e-05,0.04063388180921136,0.18311231393775373,6.25336611227944e-05,7.171436096999321e-06
category,pc_gamer,519.96,786.99,0.00016877156086633096,0.0001072041941821408,0.226748211400877,0.27497172772208034,5.0179119052567146e-08,5.169763207843919e-06
category,air_conditioning,19214.12,24864.96,0.006236627861898967,0.003387118006799532,0.1683990731815977,0.10697342766688545,0.00016858887430878187,-0.0002080559100021668
category,fashio_female_clothing,1696.5,616.66,0.000550659575755309,8.40017514636259e-05,0.1557088122605364,0.07975221353744365,3.353143056923545e-05,-6.3804873279596015e-06
category,tablets_printing_image,5157.75,1267.96,0.0016741316987043588,0.00017272218205464777,0.10525713731762881,0.03400738193633868,0.0001836315454004134,-1.2306413220316314e-05
category,books_imported,278.99,3515.86,9.055615386971626e-05,0.00047893230937778316,0.10315781927667658,0.18650913290062746,-4.831609873743982e-05,3.991963712359066e-05
category,cool_stuff,211947.62,230752.41,0.0687951585685514,0.03143321537711657,0.35189331213061037,0.3375500173540983,-0.004645213119583485,-0.00045085587392757625
category,home_comfort_2,493.08,151.09,0.00016004669826904082,2.0581559738979726e-05,0.059625212947189095,-0.5293533655437157,2.3421500104163347e-05,-1.2122097798189916e-05
category,construction_tools_construction,3511.49,124349.41,0.0011397793066130325,0.016938942421218364,0.11426773250101808,0.2147727118287091,-0.0017899741914350017,0.0017024480578775006
category,flowers,0.0,839.54,0.0,0.00011436258298539307,-0.09913762298401506,-0.09913762298401506,-3.7362354469765984e-05,0.0
category,costruction_tools_garden,5585.99,16774.39,0.001813132262642734,0.002285016280825628,0.20511493933931138,0.13264863878805727,-1.059299396788881e-05,-0.00016558667657081883
category,agro_industry_and_commerce,4610.74,43351.27,0.0014965800956781806,0.005905332935770995,0.2310128092236821,0.25978523812566506,1.5208301375047286e-05,0.00016991077203700928
category,construction_tools_lights,949.0,35948.52,0.0003080317933343874,0.004896926414110182,0.21993677555321392,0.16177244570847424,-3.499703827902447e-05,-0.0002848264431757229
category,fixed_telephony,10726.4,27005.39,0.0034816356459662517,0.003678688513862239,0.17114502535799522,0.27740425152164067,-1.1117370850934045e-05,0.00039089459478009245
category,unknown,50715.54,73273.99,0.01646153712973852,0.009981421685739645,0.17885997073086474,0.1861412214620768,0.00031560280256804344,7.267723394782759e-05
category,food,5403.77,20425.72,0.0017539862632945866,0.002782402385278132,0.11797504334936534,0.09952550020268564,-0.00011270226745345613,-5.1334052858613455e-05
category,stationery,37276.56,135468.72,0.0120994369084688,0.01845362071244369,0.21755575085254647,0.1917678117871048,-6.358942075629338e-05,-0.0004758808464692704
category,electronics,29614.23,101000.39,0.009612354452178099,0.013758326563275204,0.031020222372825496,-0.058285814539924055,-0.0008148618666445816,-0.001228701619917518
category,perfumery,123489.57,176944.81,0.04008294384108785,0.024103515636490946,0.41136615829174883,0.3732136591064751,-0.0029370655484652155,-0.0009196093606834548
category,cds_dvds_musicals,360.0,65.0,0.00011685083835656425,8.854334390321544e-06,0.02627777777777778,-0.45892307692307693,2.1738126139297965e-05,-4.296130613991185e-06
category,diapers_and_hygiene,0.0,1327.89,0.0,0.00018088587836252425,-0.04361054002967113,-0.04361054002967113,-4.905150725567427e-05,0.0
category,christmas_supplies,377.69,5945.9,0.00012259275871914096,0.0008099536438678903,-0.013926765336651752,-0.008669839721488756,-0.00016599078331404202,4.2578660575437184e-06
category,fashion_underwear_beach,2700.35,2469.0,0.0008764948926559673,0.0003363284863031368,0.12391726998352065,0.087893884163629,5.598607075696251e-05,-1.2115690824318044e-05
category,home_construction,6721.45,59057.67,0.0021816862985325797,0.008044867053742476,0.2612263722857419,0.17706573930193995,0.00019737303371735205,-0.0006770611035135008
category,health_beauty,247457.95,770002.81,0.08032130254304654,0.10489019017272655,0.35779957766561954,0.3537487739817469,0.0031997619635917946,-0.0004248895687537841
category,furniture_mattress_and_upholstery,1324.08,1819.8,0.0004297773834754433,0.0002478941188231869,0.08507794090991481,-0.12744257610726453,2.591569122884095e-05,-5.268258629782176e-05
category,audio,7815.34,32960.94,0.002536747308448863,0.004489956685835769,0.21118722921843452,0.24993947381355022,-3.198577637711755e-05,0.00017399589971098283
category,arts_and_craftmanship,151.89,1662.12,4.930131621660706e-05,0.00022641486579755762,0.19645796299953913,0.14135561812624842,-5.509165889163603e-06,-1.247599001961686e-05
category,furniture_bedroom,5886.11,11181.17,0.0019105469115526564,0.0015231048931543315,0.15200191637601065,0.09857555157465632,2.9275631450970732e-05,-8.137395765239111e-05
category,party_supplies,69.9,2621.79,2.2688537780899555e-05,0.0003571416209415557,0.15679542203147354,0.09955030723284473,-2.366851466058762e-05,-2.0444613090167727e-05
category,pet_shop,49750.29,128053.24,0.016148230819394985,0.017443480103447668,0.18201200435213544,0.1715193617904553,-5.900020440196122e-05,-0.0001830282017572559
category,security_and_services,183.29,0.0,5.949330600659628e-05,0.0,0.2093949478967756,0.2093949478967756,1.0808917176816856e-06,0.0
category,watches_gifts,206284.44,708305.95,0.06695697153865104,0.0964858112608365,0.41088290517694886,0.39101060777478996,0.005413217032789952,-0.0019173947364639152
category,la_cuisine,999.99,781.0,0.0003245824162449463,0.0001063882332129404,0.15024150241502415,0.2093469910371319,1.6871153201477293e-05,6.288128507693593e-06
region,Northeast,367318.85,804463.45,0.1192264321296363,0.1095844367860264,0.1861557336357772,0.16248357834032112,0.00039925097641802096,-0.002594099805563907
region,North,96200.98,164596.25,0.031225458788119637,0.02242138825989173,0.1812575090191389,0.15290907295883108,0.00040767891490050873,-0.0006356112914688769
region,Southeast,1951500.41,4866432.42,0.6334290526713301,0.6629079989935646,0.24036831229771558,0.23185542356714778,0.0003774800607348874,-0.005643262034035568
region,South,463687.65,1047455.76,0.1505063628835698,0.14268497781705217,0.21716097032129278,0.1995623757895035,8.136015093410279e-05,-0.002511055070379649
region,Central-West,202142.92,458089.53,0.06561269352734415,0.06240119814346512,0.225083371705524,0.20300924581271262,7.964083203419547e-06,-0.0013774519036811152
